"DESCRIPTION","DURATION IN MS","NAME","PARENT SUITE","START TIME","STATUS","STOP TIME","SUB SUITE","SUITE","TEST CLASS","TEST METHOD"
"","1480","login with valid credentails","chromium","2026-08-04","passed","2026-08-04","SauceDemo Login Tests","LoginTests.spec.ts","",""
"","2496","Validate mandatory first name","chromium","2026-08-04","passed","2026-08-04","SauceDemo Checkout Tests","CheckoutTest.spec.ts","",""
"","1645","TC_PRODUCT_003 - Validate Sauce Labs Bolt T-Shirt name and price","chromium","2026-08-04","passed","2026-08-04","SauceDemo Product Tests Using Excel Data","Product.spec.ts","",""
"","1479","Login with valid credentials","chromium","2026-08-04","passed","2026-08-04","SauceDemo Login Tests","LoginTest.spec.ts","",""
"","5044","@P1 Smoke Error message test 12","chromium","2026-08-04","passed","2026-08-04","","data-driven.spec.ts","",""
"","4632","@P1 Login to application, Data Driven Test from Excel","chromium","2026-08-04","passed","2026-08-04","","excel.spec.ts","",""
"","3942","@P1 Smoke Error message test 123","chromium","2026-08-04","passed","2026-08-04","","data-driven.spec.ts","",""
"","2788","TC_PRODUCT_003 - Add Sauce Labs Bolt T-Shirt to cart","chromium","2026-08-04","passed","2026-08-04","SauceDemo Product Tests Using Excel Data","Product.spec.ts","",""
"","2304","Verify product price in cart","chromium","2026-08-04","passed","2026-08-04","SauceDemo Cart Tests","CartTest.spec.ts","",""
"","1607","@P1 smoke TC_LOGIN_001 - validation","chromium","2026-08-04","passed","2026-08-04","","ExcelOpertions.spec.ts","",""
"","8100","download pdf","chromium","2026-08-04","passed","2026-08-04","","pdf.spec.ts","",""
"","1331","@P1 smoke TC_LOGIN_004 - validation","chromium","2026-08-04","passed","2026-08-04","","ExcelOpertions.spec.ts","",""
"","2500","Remove product from cart","chromium","2026-08-04","passed","2026-08-04","SauceDemo Cart Tests","CartTest.spec.ts","",""
"","3070","TC_PRODUCT_004 - Add Sauce Labs Fleece Jacket to cart","chromium","2026-08-04","passed","2026-08-04","SauceDemo Product Tests Using Excel Data","Product.spec.ts","",""
"","2998","pdf testing","chromium","2026-08-04","passed","2026-08-04","","pdf.spec.ts","",""
"","2040","perform login","chromium","2026-08-04","passed","2026-08-04","","ExcelOpertions.spec.ts","",""
"","2476","Validate mandatory last name","chromium","2026-08-04","passed","2026-08-04","SauceDemo Checkout Tests","CheckoutTest.spec.ts","",""
"","1405","TC_PRODUCT_001 - Validate Sauce Labs Backpack name and price","chromium","2026-08-04","passed","2026-08-04","SauceDemo Product Tests Using Excel Data","Product.spec.ts","",""
"","1354","TC_CHECKOUT_001 - Complete checkout for Sauce Labs Backpack","chromium","2026-08-04","passed","2026-08-04","","CompleteCheckout.spec.ts","",""
"","2428","Complete an order successfully","chromium","2026-08-04","passed","2026-08-04","SauceDemo Checkout Tests","CheckoutTest.spec.ts","",""
"","2248","Verify product count","chromium","2026-08-04","passed","2026-08-04","SauceDemo Product Tests","ProductTest.spec.ts","",""
"","1203","Login without entering password","chromium","2026-08-04","passed","2026-08-04","SauceDemo Login Tests","LoginTest.spec.ts","",""
"","2757","Add multiple products to cart","chromium","2026-08-04","passed","2026-08-04","SauceDemo Cart Tests","CartTest.spec.ts","",""
"","9403","visual testing","chromium","2026-08-04","passed","2026-08-04","","tierIV_Visualtest.spec.ts","",""
"","2151","Open and validate product details","chromium","2026-08-04","passed","2026-08-04","SauceDemo Product Tests","ProductTest.spec.ts","",""
"","1387","Login with invalid credentials","chromium","2026-08-04","passed","2026-08-04","SauceDemo Login Tests","LoginTest.spec.ts","",""
"","1819","TC_PRODUCT_001 - Add Sauce Labs Backpack to cart","chromium","2026-08-04","passed","2026-08-04","SauceDemo Product Tests Using Excel Data","Product.spec.ts","",""
"","5458","visual testing","chromium","2026-08-04","passed","2026-08-04","","visualcomparison.spec.ts","",""
"","1432","TC_PRODUCT_002 - Validate Sauce Labs Bike Light name and price","chromium","2026-08-04","passed","2026-08-04","SauceDemo Product Tests Using Excel Data","Product.spec.ts","",""
"","1622","TC_PRODUCT_002 - Add Sauce Labs Bike Light to cart","chromium","2026-08-04","passed","2026-08-04","SauceDemo Product Tests Using Excel Data","Product.spec.ts","",""
"","2963","Sort products from low to high","chromium","2026-08-04","passed","2026-08-04","SauceDemo Product Tests","ProductTest.spec.ts","",""
"","643","simple get request","chromium","2026-08-04","passed","2026-08-04","","api.spec.ts","",""
"","1160","@P1 smoke TC_LOGIN_003 - validation","chromium","2026-08-04","passed","2026-08-04","","ExcelOpertions.spec.ts","",""
"","5650","@P1 Smoke Error message test 123456789012345678901","chromium","2026-08-04","passed","2026-08-04","","data-driven.spec.ts","",""
"","1405","@P1 smoke TC_LOGIN_005 - validation","chromium","2026-08-04","passed","2026-08-04","","ExcelOpertions.spec.ts","",""
"","1238","Login without entering username","chromium","2026-08-04","passed","2026-08-04","SauceDemo Login Tests","LoginTest.spec.ts","",""
"","2147","@P1 smoke TC_LOGIN_002 - validation","chromium","2026-08-04","passed","2026-08-04","","ExcelOpertions.spec.ts","",""
"","1701","TC_PRODUCT_004 - Validate Sauce Labs Fleece Jacket name and price","chromium","2026-08-04","passed","2026-08-04","SauceDemo Product Tests Using Excel Data","Product.spec.ts","",""
"","2583","Logout from SauceDemo","chromium","2026-08-04","passed","2026-08-04","SauceDemo Login Tests","LoginTest.spec.ts","",""
"","2584","Add one product to cart","chromium","2026-08-04","passed","2026-08-04","SauceDemo Cart Tests","CartTest.spec.ts","",""
"","2222","has title","chromium","2026-08-04","passed","2026-08-04","","api.spec.ts","",""
"","1","reading data from excel","chromium","2026-08-04","passed","2026-08-04","","ExcelOpertions.spec.ts","",""
"","1574","Validate mandatory postal code","chromium","2026-08-04","passed","2026-08-04","SauceDemo Checkout Tests","CheckoutTest.spec.ts","",""
"","3347","Verify Sauce Labs Backpack price","chromium","2026-08-04","passed","2026-08-04","SauceDemo Product Tests","ProductTest.spec.ts","",""
"","1447","TC_CHECKOUT_002 - Complete checkout for Sauce Labs Bike Light","chromium","2026-08-04","passed","2026-08-04","","CompleteCheckout.spec.ts","",""
"","3826","@P1 Smoke Error message test 12345678901234567890","chromium","2026-08-04","passed","2026-08-04","","data-driven.spec.ts","",""
"","375","simple post request","chromium","2026-08-04","passed","2026-08-04","","api.spec.ts","",""
